{
	"IcoMoonType": "selection",
	"icons": [
		{
			"icon": {
				"paths": [
					"M792.73 438.426c-20.838 21.402-240.384 230.554-240.384 230.554-11.162 11.418-25.754 17.101-40.346 17.101-14.643 0-29.235-5.683-40.346-17.101 0 0-219.546-209.152-240.435-230.554-20.838-21.402-22.272-59.853 0-82.739 22.323-22.835 53.402-24.627 80.691 0l200.090 191.898 200.038-191.846c27.341-24.627 58.47-22.835 80.691 0 22.323 22.835 20.941 61.338 0 82.688z"
				],
				"tags": [
					"arrow-down",
					"down",
					"bottom"
				],
				"grid": 20
			},
			"properties": {
				"order": 1,
				"id": 207,
				"prevSize": 20,
				"code": 58880,
				"name": "arrow-down",
				"ligatures": ""
			}
		},
		{
			"icon": {
				"paths": [
					"M792.73 585.574c-20.838-21.402-240.384-230.502-240.384-230.502-11.162-11.418-25.754-17.152-40.346-17.152-14.643 0-29.235 5.734-40.346 17.152 0 0-219.546 209.101-240.435 230.502-20.838 21.402-22.272 59.904 0 82.739 22.323 22.784 53.402 24.627 80.691 0l200.090-191.846 200.038 191.846c27.341 24.627 58.47 22.784 80.691 0 22.323-22.886 20.941-61.389 0-82.739z"
				],
				"tags": [
					"arrow-up",
					"up",
					"top"
				],
				"grid": 20
			},
			"properties": {
				"order": 2,
				"id": 208,
				"prevSize": 20,
				"code": 58881,
				"name": "arrow-up",
				"ligatures": ""
			}
		},
		{
			"icon": {
				"paths": [
					"M854.938 485.734l-438.323-271.565c-31.949-20.941-58.061-5.478-58.061 34.304v527.155c0 39.782 26.163 55.194 58.061 34.253l438.374-271.565c0 0 15.565-10.957 15.565-26.317-0.051-15.309-15.616-26.266-15.616-26.266z"
				],
				"tags": [
					"play",
					"media control"
				],
				"grid": 20
			},
			"properties": {
				"order": 3,
				"id": 172,
				"prevSize": 20,
				"code": 58882,
				"name": "play",
				"ligatures": ""
			}
		},
		{
			"icon": {
				"paths": [
					"M691.2 153.6c-50.893 0-92.16 15.667-92.16 66.56v583.68c0 50.893 41.267 66.56 92.16 66.56s92.16-15.667 92.16-66.56v-583.68c0-50.893-41.267-66.56-92.16-66.56zM332.8 153.6c-50.893 0-92.16 15.667-92.16 66.56v583.68c0 50.893 41.267 66.56 92.16 66.56s92.16-15.667 92.16-66.56v-583.68c0-50.893-41.267-66.56-92.16-66.56z"
				],
				"tags": [
					"pause",
					"media control"
				],
				"grid": 20
			},
			"properties": {
				"order": 4,
				"id": 173,
				"prevSize": 20,
				"code": 58883,
				"name": "pause",
				"ligatures": ""
			}
		}
	],
	"height": 1024,
	"metadata": {},
	"preferences": {
		"fontPref": {
			"prefix": "icon-",
			"metadata": {},
			"showGlyphs": true,
			"metrics": {
				"emSize": 1024,
				"baseline": 6.25,
				"whitespace": 50
			},
			"resetPoint": 58880,
			"showQuickUse": true,
			"quickUsageToken": false,
			"showMetrics": true,
			"showMetadata": false
		},
		"imagePref": {
			"color": 0,
			"height": 32,
			"columns": 16,
			"margin": 16,
			"png": false,
			"sprites": true
		},
		"historySize": 100,
		"showCodes": true,
		"gridSize": 16,
		"showLiga": false,
		"showGrid": true
	}
}